{
    "0.832": [
        -1,
        1
    ],
    "1.2373333333333334": [
        3,
        -3,
        0
    ],
    "1.6533333333333333": [
        -1,
        0
    ],
    "2.1866666666666665": [
        -1,
        2
    ],
    "2.7093333333333334": [
        -1
    ],
    "3.2426666666666666": [
        -2,
        -1
    ],
    "3.7653333333333334": [
        -3
    ],
    "4.298666666666667": [
        -1
    ],
    "4.832": [
        1,
        3
    ],
    "5.333333333333333": [
        -3,
        0
    ],
    "5.856": [
        -3,
        3
    ],
    "6.282666666666667": [
        0,
        -1,
        -2
    ],
    "6.752": [
        1
    ],
    "7.168": [
        -1,
        -2
    ],
    "7.712": [
        0,
        -1,
        -2
    ],
    "8.192": [
        -2,
        1
    ],
    "8.672": [
        3
    ],
    "9.152": [
        -2,
        3,
        -1
    ],
    "9.621333333333334": [
        -1,
        3,
        0
    ],
    "10.176": [
        3
    ],
    "10.741333333333333": [
        -2,
        2,
        0
    ],
    "11.402666666666667": [
        2,
        -1
    ],
    "11.946666666666667": [
        0,
        -1,
        1
    ],
    "12.458666666666666": [
        0
    ],
    "12.981333333333334": [
        2,
        -2
    ],
    "13.493333333333334": [
        -2,
        1
    ],
    "14.005333333333333": [
        -3,
        1,
        0
    ],
    "14.549333333333333": [
        -1,
        -2
    ],
    "15.104": [
        0,
        -2
    ],
    "15.658666666666667": [
        -3,
        1,
        2
    ],
    "16.256": [
        -2
    ],
    "16.864": [
        -3,
        0
    ],
    "17.418666666666667": [
        0
    ],
    "17.930666666666667": [
        3,
        0,
        -1
    ],
    "18.421333333333333": [
        1,
        2
    ],
    "18.901333333333334": [
        2
    ],
    "19.434666666666665": [
        1
    ],
    "20.085333333333335": [
        2,
        -2
    ],
    "20.597333333333335": [
        -2,
        2
    ],
    "21.034666666666666": [
        1,
        3
    ],
    "21.621333333333332": [
        -2,
        3
    ],
    "22.144": [
        -3
    ],
    "22.698666666666668": [
        -1,
        2
    ],
    "23.14666666666667": [
        1,
        -3
    ],
    "23.669333333333334": [
        3
    ],
    "24.298666666666666": [
        1,
        3
    ],
    "24.810666666666666": [
        -2
    ],
    "25.354666666666667": [
        -3,
        -1
    ],
    "25.866666666666667": [
        -3,
        0
    ],
    "26.378666666666668": [
        0
    ],
    "26.88": [
        -1,
        -2
    ],
    "27.424": [
        1,
        -2
    ],
    "27.946666666666665": [
        1,
        -1,
        2
    ],
    "28.490666666666666": [
        -3
    ],
    "29.013333333333332": [
        0
    ],
    "29.546666666666667": [
        3,
        0
    ],
    "30.069333333333333": [
        3,
        -2
    ],
    "30.592": [
        -2
    ],
    "31.11466666666667": [
        -1,
        -2,
        2
    ],
    "31.626666666666665": [
        3
    ],
    "32.16": [
        2
    ],
    "32.693333333333335": [
        3,
        1
    ],
    "33.216": [
        0,
        1
    ],
    "33.74933333333333": [
        -1
    ],
    "34.272": [
        1,
        2
    ],
    "34.80533333333333": [
        -3,
        0,
        3
    ],
    "35.31733333333333": [
        2,
        -1
    ],
    "35.84": [
        -3,
        3
    ],
    "36.384": [
        1,
        3
    ],
    "36.906666666666666": [
        -2,
        2
    ],
    "37.44": [
        0,
        -1
    ],
    "37.962666666666664": [
        2,
        0
    ],
    "38.496": [
        2,
        0
    ],
    "39.01866666666667": [
        1,
        2
    ],
    "39.541333333333334": [
        1,
        2,
        -1
    ],
    "40.074666666666666": [
        -1,
        0
    ],
    "40.59733333333333": [
        -3
    ],
    "41.10933333333333": [
        1
    ],
    "41.632": [
        3,
        -2
    ],
    "42.176": [
        1,
        -2
    ],
    "42.69866666666667": [
        1,
        2,
        -3
    ],
    "43.221333333333334": [
        -3,
        2
    ],
    "43.744": [
        2
    ],
    "44.266666666666666": [
        1,
        0,
        2
    ],
    "44.8": [
        -3,
        -1
    ],
    "45.333333333333336": [
        -2
    ],
    "45.856": [
        2,
        -2
    ],
    "46.38933333333333": [
        2
    ],
    "46.912": [
        -3
    ],
    "47.434666666666665": [
        -1,
        1
    ],
    "47.946666666666665": [
        2,
        -3
    ],
    "48.49066666666667": [
        0,
        -1
    ],
    "49.013333333333335": [
        -1,
        0
    ],
    "49.54666666666667": [
        2
    ],
    "50.06933333333333": [
        3,
        -3
    ],
    "50.592": [
        0,
        3
    ],
    "51.12533333333333": [
        3,
        1
    ],
    "51.648": [
        0
    ],
    "52.17066666666667": [
        -2
    ],
    "52.704": [
        0,
        2,
        1
    ],
    "53.22666666666667": [
        0,
        3
    ],
    "53.74933333333333": [
        -1,
        2
    ],
    "54.282666666666664": [
        2
    ],
    "54.80533333333333": [
        2
    ],
    "55.328": [
        0,
        1
    ],
    "55.861333333333334": [
        0,
        2
    ],
    "56.373333333333335": [
        1,
        2,
        -2
    ],
    "56.896": [
        -2
    ],
    "57.42933333333333": [
        0,
        2
    ],
    "57.962666666666664": [
        1,
        -3
    ],
    "58.48533333333334": [
        1
    ],
    "59.01866666666667": [
        -2,
        2
    ],
    "59.541333333333334": [
        0,
        2
    ],
    "60.064": [
        -3
    ],
    "60.586666666666666": [
        1,
        -3
    ],
    "61.12": [
        -3,
        -1
    ],
    "61.64266666666666": [
        -1,
        2,
        0
    ],
    "62.176": [
        -3,
        2
    ],
    "62.67733333333333": [
        1,
        -1
    ],
    "63.232": [
        -2,
        -1
    ],
    "63.744": [
        -1,
        1
    ],
    "64.27733333333333": [
        0,
        3,
        -2
    ],
    "64.8": [
        0,
        -3
    ],
    "65.30133333333333": [
        1,
        -3,
        2
    ],
    "65.856": [
        2,
        1
    ],
    "66.37866666666666": [
        3,
        -1,
        0
    ],
    "66.90133333333333": [
        3,
        0,
        1
    ],
    "67.43466666666667": [
        0,
        -1
    ],
    "67.968": [
        -1,
        0
    ],
    "68.49066666666667": [
        1,
        -1
    ],
    "69.01333333333334": [
        3
    ],
    "69.536": [
        -2,
        -1,
        1
    ],
    "70.06933333333333": [
        -3,
        2
    ],
    "70.592": [
        1,
        -3
    ],
    "71.104": [
        -1,
        2
    ],
    "71.648": [
        2
    ],
    "72.17066666666666": [
        0
    ],
    "72.704": [
        -3
    ],
    "73.22666666666667": [
        -1
    ],
    "73.74933333333334": [
        2
    ],
    "74.28266666666667": [
        2
    ],
    "74.80533333333334": [
        -2
    ],
    "75.31733333333334": [
        0,
        2,
        -2
    ],
    "75.86133333333333": [
        0,
        2
    ],
    "76.384": [
        -1,
        1
    ],
    "76.90666666666667": [
        2,
        0
    ],
    "77.42933333333333": [
        1,
        0
    ],
    "77.93066666666667": [
        1,
        -2,
        -1
    ],
    "78.45333333333333": [
        -1,
        0
    ],
    "79.008": [
        1,
        -1
    ],
    "79.54133333333333": [
        0
    ],
    "80.064": [
        0,
        3
    ],
    "80.58666666666667": [
        -2,
        -1
    ],
    "81.12": [
        -1,
        -2
    ],
    "81.64266666666667": [
        0,
        2
    ],
    "82.12266666666666": [
        -1,
        0
    ],